Book Id,ImageFile,Title,Author,Author l-f,Additional Authors,ISBN,ISBN13,My Rating,Average Rating,Publisher,Binding,Number of Pages,Year Published,Original Publication Year,Date Read,Date Added,Bookshelves,Bookshelves with positions,Exclusive Shelf,My Review,Spoiler,Private Notes,Read Count,Owned Copies
50795512,,A Seca,Jane Harper,"Harper, Jane",,859279580X,9788592795801,0,04.06,Morro Branco,Paperback,368,2019,2016,,2024/10/06,"2024, currently-reading, investigação","2024 (#34), currently-reading (#3), investigação (#4)",currently-reading,,,,1,0
61393740,,"O Caminho dos Reis (Os Relatos da Guerra das Tempestades, #1)",Brandon Sanderson,"Sanderson, Brandon","Pedro Ribeiro, Paulo Afonso",6589132682,9786589132684,0,4.66,Trama,Paperback,1240,2022,2010,,2024/10/02,"2024, fantasia, currently-reading","2024 (#33), fantasia (#23), currently-reading (#2)",currently-reading,,,,1,0
18243448,,"O Olho do Mundo (A Roda do Tempo, #1)",Robert Jordan,"Jordan, Robert",Fábio Fernandes,8580573610,9788580573619,0,4.19,Intrínseca,Paperback,800,2013,1990,,2024/10/01,"2024, to-read","2024 (#32), to-read (#20)",to-read,,,,0,0
40127922,,"Outsider (Holly Gibney, #1)",Stephen        King,"King, Stephen",Regiane Winarski,8556510671,9788556510679,5,04.01,Suma,Paperback,528,2018,2018,2024/10/01,2024/09/03,"2024, stephen-king","2024 (#27), stephen-king (#11)",read,,,,1,0
199118588,,"A maldição do verdadeiro amor (Era uma vez um coração partido, #3)",Stephanie Garber,"Garber, Stephanie",Lavínia Fávero,8582357176,9788582357170,0,4.13,Gutenberg,Kindle Edition,383,2023,2023,,2024/09/30,"2024, fantasia, romance, currently-reading","2024 (#31), fantasia (#22), romance (#14), currently-reading (#1)",currently-reading,,,,1,0
64412178,,"A balada do felizes para nunca (Era uma vez um coração partido, #2)",Stephanie Garber,"Garber, Stephanie",Lavínia Fávero,8582356870,9788582356876,3,4.51,Gutenberg,Paperback,336,2023,2022,2024/09/30,2024/09/28,"2024, fantasia","2024 (#30), fantasia (#21)",read,,,,1,0
60560389,,"Era uma vez um coração partido (Era uma vez um coração partido, #1)",Stephanie Garber,"Garber, Stephanie",Lavínia Fávero,858235648X,9788582356487,3,04.06,Gutenberg,Paperback,352,2022,2021,2022/06/23,2022/06/20,"2022, romance, 2024","2022 (#21), romance (#5), 2024 (#29)",read,"Misericórdia, que livro contraditório, enrolado, confuso, mal escrito, com a protagonista fútil se escondendo atrás de pensamentos benévolos e atitudes decepcionantes.<br/>O ponto é que como ela não acredita em magia? Se tua a sua volta é mágico<br/>Como sua busca por amor a deixa tão cega que não enxerga a verdade? Se todas as provas estão na sua frente<br/><br/>Releitura....  pois é... as escolhas que ela faz são bem questionáveis, mas se assemelha o que a gente pessoas reais fariam, sempre levando pela emoção ao invés do racional. Sempre querendo ver o melhor nas pessoas e não acreditar no irracional. Então vou aumentar 1 estrela, pois entendi melhor as escolhas da nossa protagonista, antes eu estava me vendo como um observador e não me colocando bo lugar dela.",,,2,0
57772710,,O Nariz,Nikolai Gogol,"Gogol, Nikolai","Nicholas Steinmetz, Lucas Simone",658649026X,9786586490268,3,3.71,Antofágica,Hardcover,160,2021,1836,2022/12/30,2022/12/28,"2022, conto","2022 (#37), conto (#1)",read,,,,1,0
59703886,,O Encanto dos Corvos,Margaret  Rogerson,"Rogerson, Margaret",Sofia Soter,659916613X,9786599166136,1,3.65,Literalize,Hardcover,344,2021,2017,2024/09/14,2024/09/07,"2024, fantasia","2024 (#28), fantasia (#20)",read,"Uma boa história, porém muito mal escrita. Tudo se passa muito rápido,",,,1,0
179260028,,Os perigos de fumar na cama,Mariana Enríquez,"Enríquez, Mariana",Elisa Menezes,6555606630,9786555606638,3,3.81,Intrínseca,Kindle Edition,141,2023,2009,2024/09/06,2024/09/01,"2024, conto","2024 (#26), conto (#2)",read,,,,1,0
53284162,,Assassinato no Expresso do Oriente,Agatha Christie,"Christie, Agatha",Érico Assis,8595086788,9788595086784,5,4.20,HarperCollins,Hardcover,240,2020,1934,2024/09/01,2024/08/24,2024,2024 (#25),read,,,,1,0
210717287,,"Chama de Ferro (The Empyrean, #2)",Rebecca Yarros,"Yarros, Rebecca",,9897778578,9789897778575,5,4.35,Planeta,Paperback,720,2024,2023,2024/08/26,2024/05/31,"2024, fantasia","2024 (#17), fantasia (#18)",read,,,,1,0
60278869,,O Acontecimento,Annie Ernaux,"Ernaux, Annie",Isadora de Araujo Pontes,6589733554,9786589733553,5,4.32,Fósforo,Paperback,80,2022,2000,2024/08/24,2024/08/21,2024,2024 (#23),read,,,,1,0
50891762,,A corrente,Adrian McKinty,"McKinty, Adrian",,850111765X,9788501117656,3,3.79,Record,Capa comum,378,2019,2019,2024/08/21,2024/08/17,2024,2024 (#22),read,,,,1,0
204217106,,Babel: Ou a necessidade de violência,R.F. Kuang,"Kuang, R.F.",Marina Vargas,8551008994,9788551008997,4,4.17,Intrínseca,Paperback,592,2024,2022,2024/08/18,2024/07/21,"2024, fantasia","2024 (#20), fantasia (#19)",read,,,,1,0
161166874,,"Quebrando o gelo (Maple Hills, #1)",Hannah  Grace,"Grace, Hannah",Bruna Miranda,,,3,3.82,Rocco Digital,Kindle Edition,517,2023,2022,2024/08/13,2024/08/10,"2024, romance","2024 (#21), romance (#13)",read,,,,1,0
44244779,,Até o fim,Harlan Coben,"Coben, Harlan",Marcelo Mendes,8580419387,9788580419382,3,04.05,Editora Arqueiro,Paperback,272,2019,2017,2024/08/03,2024/06/26,"2024, investigação","2024 (#18), investigação (#2)",read,,,,1,0
77423318,,O Retiro,Sarah  Pearse,"Pearse, Sarah",,,9789720036278,1,3.63,Porto Editora,Paperback,392,2023,2022,2024/07/23,2024/07/07,"2024, investigação","2024 (#19), investigação (#3)",read,,,,1,0
56408407,,"A Noite das Bruxas (Hercule Poirot, #41)",Agatha Christie,"Christie, Agatha",,8595085730,9788595085732,5,3.58,HarperCollins Brasil,Hardcover,240,2020,1969,2024/04/21,2024/04/20,"2024, agathinha","2024 (#9), agathinha (#4)",read,"Já começo feliz por ter o Poirot, adoro como ele captura as frases, expressões e movimentos, e depois nos explica como isso o levou ao assassino. É fascinante perceber que, apesar de parecerem detalhes simples, tudo se encaixa perfeitamente. <br/>Mudando de assunro, um ponto que me incomodou foi a mãe deixar sua filha brincar sozinha em um jardim/floresta/matagal. Sério, acorda para a vida! Foi essa liberdade que ocasionou desfechos trágicos. ",,,1,0
57693129,,É Fácil Matar,Agatha Christie,"Christie, Agatha",Érico Assis,6555111364,9786555111361,3,3.77,HarperCollins Brasil,Hardcover,240,2021,1939,2024/04/20,2024/03/21,"2024, agathinha","2024 (#8), agathinha (#3)",read,"Começou bem, mas depois foi ladeira abaixo. Achei muitas falhas na narrativa, além de ser muito repetitivo. Você descobre o assassino basicamente na hora em que ele é apresentado, mas o detetive bobalhão fica andando em círculos. Além disso, essa paixão instantânea não acrescenta nada e só aumenta a aversão.",,,1,0
17874675,,Salem,Stephen        King,"King, Stephen",Thelma Médici Nóbrega,858105045X,9788581050454,3,4.10,Suma de Letras,Paperback,464,2013,1975,2024/06/25,2024/05/21,"2024, horror, stephen-king","2024 (#15), horror (#9), stephen-king (#10)",read,"Não esperava que a leitura de 'Salem' fosse tão lenta e cheia de clichês, lembrando muito um 'copia e cola' de Drácula. Achei Stephenie Meyer mais original que Stephen King nesta obra. O ritmo é arrastado e o primeiro capítulo é tão confuso que quase desisti de continuar lendo. A cidade é monotona e seus habitantes da não têm carisma.<br/><br/>Além disso, me incomodou o fato da garota se apaixonar pelo escritor à primeira vista. Detesto esse tipo de situação em livros. A diferença de idade entre eles é mal explicada. A descrição faz parecer que ela poderia ser menor de idade, o que é preocupante. Em algumas partes, parece ser mais jovem, em outras, as idades parecem similares, e em outras, ele parece muito mais velho.<br/><br/>Pensei que terminaria um livro de King sem nenhum arrepio, mas a parte dos homens da mudança foi a melhor, com toda a tensão bem desenvolvida. ",,,1,0
199332249,,"Quarta Asa (The Empyrean, #1)",Rebecca Yarros,"Yarros, Rebecca",,989777775X,9789897777752,5,4.57,Planeta,Paperback,520,2023,2023,2024/05/28,2024/05/24,"2024, aventura","2024 (#16), aventura (#3)",read,"Resiliência, é a palavra que define a Violet. ",,,1,0
9250473,,"O Último Olimpiano (Percy Jackson e os Olimpianos, #5)",Rick Riordan,"Riordan, Rick",Raquel Zampil,8598078905,9788598078908,5,4.55,Intrínseca,Paperback,384,2010,2009,2024/05/28,2024/05/21,"2024, fantasia","2024 (#14), fantasia (#17)",read,,,,1,0
7721068,,"A batalha do Labirinto (Percy Jackson e os Olimpianos, #4)",Rick Riordan,"Riordan, Rick",Raquel Zampil,8598078700,9788598078700,5,4.42,Intrínseca,Paperback,392,2010,2008,2024/05/21,2024/04/28,"2024, fantasia","2024 (#13), fantasia (#16)",read,,,,1,0
35186812,,Anna Kariênina,Leo Tolstoy,"Tolstoy, Leo",Rubens Figueiredo,8535929223,9788535929225,0,04.09,Companhia das Letras,Hardcover,840,2017,1878,,2024/04/28,"classic, to-read","classic (#8), to-read (#19)",to-read,,,,1,0
7174893,,"A Maldição do Titã (Percy Jackson e os Olimpianos, #3)",Rick Riordan,"Riordan, Rick",Raquel Zampil,8598078581,9788598078588,5,4.37,Intrínseca,Paperback,336,2009,2007,2024/04/28,2024/04/26,"2024, fantasia","2024 (#12), fantasia (#15)",read,,,,1,0
6642670,,"O Mar de Monstros (Percy Jackson e os Olimpianos, #2)",Rick Riordan,"Riordan, Rick",Ricardo Gouveia,8598078441,9788598078441,5,4.24,Intrínseca,Paperback,304,2009,2006,2024/04/26,2024/04/23,"2024, fantasia","2024 (#11), fantasia (#14)",read,,,,1,0
6642640,,"O Ladrão de Raios (Percy Jackson e os Olimpianos, #1)",Rick Riordan,"Riordan, Rick",Ricardo Gouveia,8598078395,9788598078397,5,4.31,Intrínseca,Paperback,387,2008,2005,2024/04/23,2024/04/21,"2024, fantasia","2024 (#10), fantasia (#13)",read,,,,1,0
23355768,,A Redoma de Vidro,Sylvia Plath,"Plath, Sylvia",Chico Mattoso,8525057940,9788525057945,5,04.06,Biblioteca Azul,Paperback,274,2014,1963,2024/04/14,2024/03/08,2024,2024 (#7),read,"Refletiu o que sinto atualmente. A pressão de ser melhor. O sentimento de não estar aproveitando as oportunidades que apareceram. Comigo aconteceu que eu não escolhi por onde ir quando terminei a faculdade, alguém decidiu por mim, o que é um dádiva isso ter acontecido, pois a forma como eu me sinto só deixaria eu parada no vazio, sem nenhum progresso.",,,1,0
17158998,Sob_a_Redoma.jpg,Sob a Redoma,Stephen        King,"King, Stephen",Maria Beatriz de Medina,,,5,3.92,Suma de Letras,Paperback,960,2012,2009,2024/03/07,2024/02/13,"2024, stephen-king","2024 (#5), stephen-king (#9)",read,,,,1,0
59830938,,"O sanatório (Detetive Elin Warner, #1)",Sarah  Pearse,"Pearse, Sarah",Marcelo Schild Arlin,6555605529,9786555605525,1,3.37,Intrínseca,Paperback,480,2022,2020,2024/02/16,2024/01/30,"2024, mistério","2024 (#3), mistério (#8)",read,"Com um cenário de isolamento em um sanatório nos Alpes Suíços, as expectativas eram altas, mas infelizmente não foram atendidas. A protagonista, uma detetive amadora com complexo de heroína, se vê diante de um assassino em um hotel isolado. Minha primeira reação seria ir atrás de uma arma, nem que fosse uma faca de pão. No entanto, a detetive parece se colocar repetidamente em situações de perigo, ignorando completamente os perigos evidentes que enfrenta. Esperava que ela aprendesse com os erros que a levaram ao afastamento da polícia e quase à morte anteriormente, como perseguir um assassino sozinha sem chamar sua equipe, mas ela repete esses mesmos erros sem hesitação.<br/>A autora deveria ter observado mais de perto procedimentos policiais, talvez assistindo a séries como Lei e Ordem, para entender que todas as evidências devem ser manipuladas corretamente para serem utilizadas em tribunal. A negligência da autora ao lidar com esse aspecto crucial me incomodou consideravelmente, especialmente porque assisto a muitos programas policiais que abordam essas questões de forma mais realista.<br/>Na conclusão, a autora optou por introduzir um motivo impactante para justificar as mortes, mas infelizmente essa escolha pareceu amadora e apressada, como se fosse uma tentativa desesperada de amarrar os fios soltos do enredo. Se ela tivesse se dedicado mais ao desenvolvimento da história do sanatório, explorando os procedimentos realizados e a lógica por trás das assinaturas, minha opinião sobre o livro seria completamente diferente. Infelizmente, o potencial latente na ambientação não foi explorado de forma satisfatória; é como se a autora tivesse em mãos um diamante bruto e não soubesse lapidá-lo, resultando em uma narrativa que não atinge seu pleno brilho.<br/>É decepcionante ver um cenário tão promissor desperdiçado dessa maneira. Se a autora tivesse investido mais tempo em pesquisa e familiarização com séries e filmes de investigação, poderia ter elevado consideravelmente a qualidade da escrita e construção do enredo. ",,,1,0
58527403,,"Magnolia Parks (Magnolia Parks Universe, #1)",Jessa Hastings,"Hastings, Jessa",,1737281198,9781737281191,2,3.73,,Kindle Edition,423,2021,2021,2024/02/15,2024/02/15,"2024, romance","2024 (#6), romance (#12)",read,,,,1,0
57010857,Depois.jpg,Depois,Stephen        King,"King, Stephen",Regiane Winarski,8556511139,9788556511133,4,3.97,Suma,Paperback,192,2021,2021,2024/02/11,2024/02/04,"2024, stephen-king","2024 (#4), stephen-king (#8)",read,"Minha expectativa era por uma narrativa mais repleta de aventuras protagonizadas pelo garoto. Ele constantemente menciona que o livro é uma história de terror, no entanto, o verdadeiro elemento de terror parece ser o próprio autor. Embora haja uma única cena de terror no desfecho da história, é insuficiente para sustentar essa promessa ao longo da obra.<br/>",TRUE,,1,1
25884621,,"Morte no Nilo (Hercule Poirot, #17)",Agatha Christie,"Christie, Agatha",Bruno Alexander,8525432024,9788525432025,5,4.12,L&PM Editores,Paperback,320,2015,1937,2022/09/06,2022/09/03,"2022, investigação","2022 (#30), investigação (#1)",read,"Não esperava ler Agatha agora, mas foi utilizado métodos subliminares vulgo Ana Lina, para a escolha da leitura coletiva. Na vdd eu fui enxerida e me meti de ler esse livro agora.<br/>Retomando a minha resenha, me surpreendi com a escrita de Agatha, não é rebuscado e é fluído, naquela famosa sentada você já finaliza ele. No início vc se assusta com a quantidade de personagens que é apresentado, mas Agatha faz conexões entre eles e repete as informações de forma que não é cansativa e que nos faz fixar todos os personagens. <br/>Gostei da forma que ela nos revela os mistérios, repassando cada momento, não deixando nenhuma ponta solta, mistérios que não são comuns, que leva não o leitor a imediatamente saber as respostas.<br/>Vou aproveitar e já deixar aqui escrito, que imaginava a resolução do crime, mas não o desfeixo.<br/>******SPOILER<br/>Pontos que me incomodaram, como é leviano para os personagens todas as mortes que acontecem ao seu redor, ninguém nem se quer grita quando aparece um cadáver no meio da sala. Gostei do fato de Hércule deixar passar alguns crimes pelo bem do casal Rosali e Tim, mas caramba deixar passar mais duas mortes não gostei dessa escolha. Além do mais, duas pessoas que agiram e assassinaram friamente, não merecem pena, me incomoda que os assassinos são tratados com todo o carinho e preocupação. Atirem pedras nesses desgraçados. ",TRUE,,1,0
45021607,,Uma mulher no escuro,Raphael Montes,"Montes, Raphael",,8535931767,9788535931761,0,4.11,Companhia das Letras,Paperback,256,2019,2019,,2024/01/09,to-read,to-read (#18),to-read,,,,0,0
52070614,,"Desaparecidos em Luz da Lua (A Passa-Espelhos, #2)",Christelle Dabos,"Dabos, Christelle",Sofia Soter,,9788592795689,5,4.44,Morro Branco,Paperback,480,2019,2015,2024/01/27,2024/01/16,"2024, fantasia, aventura","2024 (#2), fantasia (#11), aventura (#2)",read,"Minhas 5 estrelas é totalmente para Ophélie, pq o livro em si não merece essa pontuação, mas como Ophélie se tornou tão forte, corajosa e leal, dessa forma não consegui dar outra pontuação para minha estante no Goodreads. O ponto que mais desgostei foi o romance, ele não tem estrutura, como surgiu um amor aí?  é mais provável ela se apaixonar por Archibald, do que por Thorn. Não engulo esse romance, eles nem se quer conversam, ela só encontra desgosto nele, tirou ela da família e da sua Arca para ser jogada em um lugar só para sofrer e depois ser usada e descartada por causa de seus poderes. Simplesmente não tem como nascer uma amor aí. Mesmo sendo improvável, ainda tinha esperança de ser como Corte de Espinhos e Rosas, que a personagem se apaixona por outro, nesse caso seria Archibald, mas... vou ter que engolir e fingir que aceito e entendo essa paixão nada haver.<br/>Continuando... o mistério desse livro é bem fraco, tá bem na cara a conclusão, pq a escritora esfrega na nossa cara kkkkk mas tudo bem, não estou levando esse livro a serio para encarar cada nuance, só quero continuar do ladinho de Ophélie e continuar torcendo por ela. Vontade de colocar ela em um potinho.",,,1,0
40544615,,"Os Noivos do Inverno (A Passa-Espelhos, #1)",Christelle Dabos,"Dabos, Christelle",Sofia Soter,8592795389,9788592795382,5,04.02,Morro Branco,Paperback,416,2018,2013,2024/01/16,2024/01/13,"2024, fantasia, aventura","2024 (#1), fantasia (#12), aventura (#1)",read,"Inicialmente não gostei de Ophélie, tão desastrada e quieta, com a voz falha e baixa, mas depois pensei que ela me lembrava alguém. Quem? Moi-même! Então comecei a entendê-la e ser paciente com ela. <br/>Eu gostei da estrutura do livro, o mundo que foi divido em Arcas, e em cada Arca um espirito familiar que transmite poderes para seus decendentes. Todos os personagens são bem estruturados com sua personalidade (geralmente vil e mesquinha), particularidades e poderes. <br/>No inicio só passamos raiva, com família e as Decanas e simplesmente jogam Ophélie para sofrer nas mãos de um desconhecido estrangeiro, e como sofre essa garota, mas esse sofrimento fortalece Ophélia de uma forma que ela começa a ser ouvida. Outra raiva é quando descobrimos o pq de Thorn querer Ophélie, fazer ela sofrer tanto por causa de seus poderes. Enfim, foi um ótimo começo para uma saga.",,,1,0
6965986,,A Morte e a morte de Quincas Berro D'Água,Jorge Amado,"Amado, Jorge",,8535911839,9788535911831,5,3.81,Companhia Das Letras,Paperback,120,2008,1959,2023/12/31,2023/12/02,"2023, nacional","2023 (#23), nacional (#2)",read,,,,1,0
16006113,,Suicidas,Raphael Montes,"Montes, Raphael",,,9788564065574,2,4.11,Editora Benvirá,Paperback,488,2012,2012,2023/12/30,2023/12/18,2023,2023 (#25),read,"Um bando de ""aborrecentes"" trancados em um porão que decidiram de um dia para outro brincar de roleta-russa. Os aborrencentes depressivos só vão aparecendo, não tem ideal, são insignificantes, um bando de npc. <br/>A irritante que serve para retratar a gordofobia, tem um suicida que já tentou várias vezes, a gananciosa que mata o próprio irmao por dinheiro, a putinha, o necrófilo apaixonado, o milionário encubado, o Dan, o gay apaixonado e o manipulador, junta isso tudo e algo que era para ser simples como meter uma bala na cabeça, fica insuportável. Pq decidem se matar e na hora ficam se importando com detalhes supérfluos? Não vão todos morrer? então pouco importa. Só não deviam ter feito isso com a Ritinha, mulher não tem descanso nem morta, pqp.<br/>Os capítulos que narram a reunião da delegada com as mães é irrelevante, vc pode simplesmente pular todos, pq não agrega em nada, é só as mães discutindo entre elas, dizendo que os filhos são maravilhosos. <br/>O final, é bem hollywoodiano, filho manipulador que realiza seu sonho, e agora? Vai viver dentro de um buraco? Grande vitória.",TRUE,,1,0
18272907,,Alguém espia nas trevas,Mary Higgins Clark,"Clark, Mary Higgins",,,,0,3.94,Cìrculo do Livro,Hardcover,230,,1977,,2023/10/18,"2023, sebo, to-read","2023 (#17), sebo (#1), to-read (#17)",to-read,,,,0,0
123033353,,Amêndoas,Sohn Won-Pyung,"Won-Pyung, Sohn",Yonghui Qio Pan,,,2,4.16,Rocco Digital,Kindle Edition,243,2023,2017,2023/12/13,2023/12/03,2023,2023 (#24),read,"""Mas livros são silenciosos. Eles permanecem em silêncio até que alguém folheie uma página. Somente aí deságuam suas histórias, calma e completamente, sem nunca ir além do que eu posso aguentar por vez.""<br/><br/>É um livro confortável de ler, pois os capítulos são curtos, mantendo um bom ritmo. Traz um tema complexo, porém foi tratado como uma história da Disney, onde o Yunjae foi curado pelo amor. Poderia ter complementado com um romance entre Gon e Yunjae. ^_^",,,1,0
36271071,,O casal que mora ao lado,Shari Lapena,"Lapena, Shari",,8501110655,9788501110657,5,3.80,Record,Kindle Edition,288,2017,2016,2023/11/30,2023/11/28,"2023, mistério","2023 (#22), mistério (#7)",read,"Achei divertido, gostei de como os segredos foram arquitetados, fiquei aflita que a criança não voltava para casa.",,,1,0
30655625,,"A Garota dos Olhos Azuis (Flores Partidas, #0.5)",Karin Slaughter,"Slaughter, Karin",Carolina Caires Coelho,,,5,3.45,HarperCollins Brasil,Kindle Edition,68,2016,2015,2023/11/28,2023/11/18,,,read,"Foi uma experiência nova ler esse livro, pq no mesmo mês eu li sobre Julia, sobre sua morte e atrocidades que lhe acometeu, e a conheci pelos olhos de sua familia. Mas nesse livro, pegamos uns pequenos vislubres de como realmente era Julia e so quero salvá-la.",,,1,0
35439949,,"Amor & Gelato (Amor & Livros, #1)",Jenna Evans Welch,"Welch, Jenna Evans",Joana Faro,8551002341,9788551002346,5,04.04,Intrínseca,Paperback,320,2017,2016,2023/11/26,2023/11/18,"2023, romance","2023 (#21), romance (#11)",read,"Depois de ler um livro tão pesado, eu precisa de algo fofo e bobinho para balancear a maldade que consumi no livro anterior. Amor e Gelato, vende um mundo tão perfeito, kkkk, é um leitura gostosinha, vamos acompanhando Lina na descoberta dos segredos de sua mãe e só a abandonamos quando Lina sente esperança em um novo dia.",,,1,0
67739471,,Viagem ao redor do meu quarto,Xavier de Maistre,"Maistre, Xavier de","Débora Fleck, Carla Caffé, Veronica Galindez, Leda Cartum, Camila Fremder",6586490766,9786586490763,0,3.31,Antofágica,Hardcover,376,2023,1794,,2023/09/17,to-read,to-read (#16),to-read,,,,0,0
149710511,,"A Empregada (A Empregada, #1)",Freida McFadden,"McFadden, Freida",Roberta Clapp,,,4,4.32,Arqueiro,Kindle Edition,381,2023,2022,2023/10/26,2023/10/23,"2023, mistério","2023 (#18), mistério (#6)",read,"Que agonia de como ela era tratada, era melhor ter ficado no carro mesmo, mas quando descrobrimos o por que disso, nos perdoamos os envolvidos (as mulheres e crianças envolvidas). A vingança nesse foi sensacional. Gosto de livros sobre mulheres fortes que quebram a porra toda. ",TRUE,,1,0
18077365,,Tarântula,Thierry Jonquet,"Jonquet, Thierry",,8501084476,9788501084477,5,3.92,Record,Paperback,160,2011,1984,2023/11/05,2023/10/27,2023,2023 (#19),read,"Interessante, como uma atitude pode mudar tudo que você pensa sobre a pessoa. Quando meu lamento, virou desprezo. Que vingança magnífica. Melhor não há.",,,1,0
29985942,,Flores Partidas,Karin Slaughter,"Slaughter, Karin",,856980962X,9788569809623,5,04.03,Harper Collins,Paperback,464,2016,2015,2023/11/17,2023/11/09,"2023, suspense","2023 (#20), suspense (#1)",read,"Acho essa capa e esse titulo tão desinteressante, que eu não teria lido se não tivesse tanta indicação dos leitores no Tik Tok, no quesito melhor plot twist. Sim, eu julguei o livro pela capa. Só digo uma coisa: ""Impactante"". Que leitura impactante, cada página um segredo sendo revelado, e o mais importante é que tudo se conecta, a autora não deixou pontas soltas. Queria mais, muito mais desse livro, gostaria de ver a reconstrução dessa família. ",,,1,0
57022223,,Passageiro para Frankfurt,Agatha Christie,"Christie, Agatha",Bruna Beber,8595085943,9788595085947,1,2.86,HarperCollins Brasil,Hardcover,256,2021,1970,2023/10/22,2023/09/04,2023,2023 (#15),read,"Tantas promessas nesse livro, para nada, tudo fica em aberto, parece mais um bloco de anotações da Agatha, do que um livro concluído. Decepcionante, um sacrificio terminar esse livro. ",,,1,0
59722044,,"A Prisão do Rei (A Rainha Vermelha, #3)",Victoria Aveyard,"Aveyard, Victoria","Alessandra Esteche, Guilherme  Miranda, Zé Oliboni",855534027,978655981072,4,3.90,Seguinte,Paperback,538,2021,2017,2023/09/20,2023/09/12,"2023, fantasia","2023 (#16), fantasia (#10)",read,"Melhorou, mas não é lá essas coisas. Shippei muito Maven, mesmo sendo doido, ele de certa forma é carinhoso com Mare. ",,,1,0
56589705,,Os Elefantes Não Esquecem,Agatha Christie,"Christie, Agatha",,,,0,3.65,Circulo do Livro,Hardcover,209,1978,1972,,2023/09/19,"to-read, agathinha","to-read (#15), agathinha (#2)",to-read,,,,0,0
12907956,,O assassinato de Roger Ackroyd,Agatha Christie,"Christie, Agatha",,,,0,4.27,Círculo do Livro,Hardcover,285,1976,1926,,2023/09/19,"to-read, agathinha","to-read (#14), agathinha (#1)",to-read,,,,0,0
59722013,,"Espada de Vidro (A Rainha Vermelha, #2)",Victoria Aveyard,"Aveyard, Victoria",,855534168X,978855534168,2,3.79,Seguinte,Paperback,490,2021,2016,2023/09/10,2023/07/31,"2023, fantasia","2023 (#13), fantasia (#9)",read,,,,1,0
59729392,,Gente Ansiosa,Fredrik Backman,"Backman, Fredrik",Maira Parula,6555321113,9786555321111,0,4.18,Rocco,Paperback,368,2021,2019,,2023/07/12,to-read,to-read (#13),to-read,,,,0,0
60234368,,A Camareira,Nita Prose,"Prose, Nita",,,9786555605969,5,3.76,Intrínseca,Hardcover,331,2022,2022,2023/09/03,2023/05/26,"2023, mistério","2023 (#14), mistério (#5)",read,"""Tudo vai ficar bem no final. Se não está tudo bem,  é porque ainda não chegou ao fim.""",,,1,0
40621488,,Flores para Algernon,Daniel Keyes,"Keyes, Daniel",Luisa Geisler,8576573938,9788576573937,0,4.22,Aleph,Hardcover,288,2018,1966,,2022/06/06,to-read,to-read (#7),to-read,,,,0,0
58911882,,"A Rainha Vermelha (A Rainha Vermelha, #1)",Victoria Aveyard,"Aveyard, Victoria",,,9778555341687,2,3.99,Seguinte,Paperback,419,2021,2015,2023/07/31,2023/07/25,"fantasia, 2023","fantasia (#8), 2023 (#12)",read,"Cumpriu seu papel de me tirar da ressaca literária, porém me incomoda o tanto de falhas na história.",,,1,0
40488968,,Canção de ninar,Leïla Slimani,"Slimani, Leïla",,8542212657,9788542212655,5,3.40,Tusquets,Kindle Edition,206,2018,2016,2023/07/01,2023/05/27,2023,2023 (#8),read,,,,1,0
31206280,,"O Iluminado (O Iluminado, #1)",Stephen        King,"King, Stephen",Betty Ramos de Albuquerque,8581051014,9788581051017,5,4.27,Suma de Letras,ebook,464,2012,1977,2021/06/04,2021/07/13,"horror, stephen-king","horror (#2), stephen-king (#2)",read,,,,1,0
123008168,,"My Dark Romeo (Dark Prince Road, #1)",Parker S. Huntington,"Huntington, Parker S.",L.J. Shen,1950209075,9781950209071,3,3.77,PSH Publishing,Paperback,366,2023,2023,2023/06/24,2023/06/24,"2023, la-petite-mort","2023 (#11), la-petite-mort (#2)",read,,,,1,0
46260651,,Pessoas normais,Sally Rooney,"Rooney, Sally",Débora Landsberg,8535932569,9788535932560,1,3.81,Companhia das Letras,Paperback,264,2019,2018,2023/06/11,2023/06/03,2023,2023 (#10),read,"Não gostei, é chato, é realmente normal com jovens tóxicos,  ou simplesmente não estou no momento certo para desvendar os pontos e virgulas dessa história. Mas ao meu ver, sinto uma história irritante de jovens que querem ser tão independentes e descolados sem nem conseguir abrir a porr@ da boca para dizer o que querem e o que não querem. Ah, mas Vitória, eles estão sofrendo.... ah queridos superem, ou você continua ou não continua. Estou no meu período depressivo, então simplesmente não consegui sentir nada por esses jovens tóxicos, além do mais a autora escreve tão superficial sobre assuntos sérios de uma forma que vc não consegue entrar na história, não consegui sentir nada pelos personagens, ela só fica jogando os coitados para todo canto (cidade, país e mãos), a empatia passou longe nesse livro. Esse livro é uma grande perca de tempo. Como meu amigo diz: VOCÊ PRECISA DE TERAPIA. Nota dó!",,,1,0
34950081,,O Bazar dos Sonhos Ruins,Stephen        King,"King, Stephen",Regiane Winarski,8556510302,9788556510303,0,3.92,Suma das Letras,Paperback,480,2017,2015,,2021/07/13,"horror, stephen-king, to-read","horror (#3), stephen-king (#3), to-read (#12)",to-read,,,,0,0
58469705,,Hamnet,Maggie O'Farrell,"O'Farrell, Maggie",Regina Lyra,,,0,4.20,Intrínseca,Hardcover,384,2021,2020,,2023/02/20,to-read,to-read (#11),to-read,,,,0,0
60127587,,"Em outra vida, talvez?",Taylor Jenkins Reid,"Reid, Taylor Jenkins",,6555873752,9786555873757,4,3.79,Record,Paperback,322,2022,2015,2023/06/02,2023/05/29,2023,2023 (#9),read,,,,1,0
49113594,,"Bom Dia, Verônica",Andrea Killmore,"Killmore, Andrea","Ilana Casoy, Raphael Montes",8594540884,9788594540881,4,3.63,DarkSide Books,Hardcover,256,2019,2016,2023/05/26,2023/05/22,"2023, criminal, nacional","2023 (#7), criminal (#3), nacional (#1)",read,,,,1,0
60728316,,A última coisa que ele me falou,Laura Dave,"Dave, Laura",,,,3,3.83,Intrínseca,Hardcover,320,2022,2021,2023/05/26,2023/05/14,2023,2023 (#6),read,,,,1,0
40207446,,"A Viajante do Tempo (Outlander, #1)",Diana Gabaldon,"Gabaldon, Diana",,8580418216,,5,4.26,Editora Arqueiro,Paperback,752,2018,1991,2023/05/22,2023/01/03,"2023, romance-histórico","2023 (#2), romance-histórico (#1)",read,,,,1,0
44033719,,A Paciente Silenciosa,Alex Michaelides,"Michaelides, Alex",,850111653X,9788501116536,5,4.18,Record,Kindle Edition,367,2019,2019,2023/05/19,2023/05/09,"2023, mistério","2023 (#5), mistério (#4)",read,"Foi tanta reviravolta nesse livro, senti tantas emoções, eu simplesmente não dava nada por esse livro, esse autor entregou tudo e mais um pouco, tudo que o autor consegue dizer para nos despistar, muito bom. Quando pensei que esse livro teria um final clichê mais básico do mundo, ele conseguiu me enganar nos 20 minutos finais do livro. Estou passada e chocada, nunca imaginaria isso.",,,1,0
31692720,,O cemitério,Stephen        King,"King, Stephen",,858105157X,9788581051574,5,04.07,Suma,Kindle Edition,364,2006,1983,2023/05/08,2023/01/19,"2023, horror, stephen-king","2023 (#3), horror (#7), stephen-king (#7)",read,,,,1,0
32681160,,Jantar Secreto,Raphael Montes,"Montes, Raphael",,,,5,4.16,Companhia das Letras,Paperback,376,2016,2016,2023/05/01,2023/04/09,"2023, horror","2023 (#4), horror (#8)",read,"Eu estava atrás de um livro polêmico, que me tirasse totalmente do círculo de gêneros de livros que eu fico, e consegui. Geralmente eu não gosto de livros que se passam no Brasil, mas esse livro me fez mudar de opinião a cerca dos escritores contemporâneos brasileiros.",,,1,0
15789410,,"Os Pilares da Terra (Os pilares da Terra, #1)",Ken Follett,"Follett, Ken",Paulo Azevedo,8532527698,9788532527691,0,4.34,Rocco,Hardcover,943,2012,1989,,2022/05/02,to-read,to-read (#10),to-read,,,,1,0
48675590,,Os Segredos que Guardamos,Lara Prescott,"Prescott, Lara",,,,0,3.66,Editora Intrínseca,Hardcover,365,2019,2019,,2023/02/13,to-read,to-read (#9),to-read,,,,0,0
61322739,,O Elevador,Yvelise Ramos,"Ramos, Yvelise",,,,2,2.00,,Kindle Edition,140,2022,2022,2022/10/08,2023/01/16,2022,2022 (#36),read,"Romance clichê, nada de mais, nada de menos, foi tão esquecivel, esperava mais da cena do elevador, foi tão rápida e insignificante. Ponto positivo para o plot que foi bem inesperado.<br/><br/>Merged review:<br/><br/>Romance clichê, nada de mais, nada de menos, foi tão esquecivel, esperava mais da cena do elevador, foi tão rápida e insignificante. Ponto positivo para o plot que foi bem inesperado.<br/><br/>Merged review:<br/><br/>Romance clichê, nada de mais, nada de menos, foi tão esquecivel, esperava mais da cena do elevador, foi tão rápida e insignificante. Ponto positivo para o plot que foi bem inesperado.",,,3,0
63324035,,O curioso caso de Benjamin Button,F. Scott Fitzgerald,"Fitzgerald, F. Scott","Julia Jabur, Débora Fleck, Mariana Serpa, Mariana Salomão Carrara, Isadora Sinay, Sergio Rizzo, João Anzanello Carrascoza",6586490731,9786586490732,5,3.57,Antofágica,Hardcover,176,2022,1922,2023/01/01,2022/12/31,"classic, 2023","classic (#7), 2023 (#1)",read,,,,1,0
58422317,,Orgulho e Preconceito,Jane Austen,"Austen, Jane","Carol Chiovatto, Jess Vieira",6586490308,9786586490305,5,4.29,Antofagica Editora,Hardcover,456,2021,1813,2022/12/28,2022/05/19,"classic, 2022","classic (#5), 2022 (#39)",read,"Não esperava que eu fosse amar esse livro, estou surpresa. Não entendia como as pessoas caiam de amor por Darcy, mas agora eu entendo. Inicialmente o livro é muito parado, não acontece nada, dá uma vontade imensa de desistir, mas quando você supera esse desafio e chega na metade do livro, que é a época que acabou os bailes, o enredo começa a se desenvolver, aí você já está fisgada pelo desabrochar de vários sentimentos. <br/>Lizzy é muito perspicaz e sincera consigo mesma, ela consegue falar suas opiniões abertamente sem ser ignorante com os envolvidos. Darcy é tão quieto que todos pensam que ele é orgulhoso, mas ele é só um ótimo observador. <br/>Lydia é muito inocente, não teve a dose de realidade suficiente para ver como realmente o mundo é, irá aprender do modo difícil, mas a culpa são dos pais, a mãe uma tola mesquinha e seu pai um negligente, pois concordava com as vontades de sua mãe só para não ter discussões em casa.<br/>Enfim, voltando para o casal, que capítulos finais perfeitos, nunca tinha visto Darcy falar tanto, e as mudanças que esse relacionamento causou nas pessoas ao seu redor, só perfeição.",,,1,0
40774712,,"É assim que acaba (É assim que acaba, #1)",Colleen Hoover,"Hoover, Colleen",Priscila Catão,8501113492,9788501113498,5,4.14,Galera,ebook,399,2018,2016,2022/12/30,2022/12/29,"2022, romance","2022 (#38), romance (#10)",read,"Tudo inicia como um belo clichê, mas bastou segundos para toda a felicidade acabar. Consigo entrar nesse livro de uma forma que senti os sentimentos de Lily por Ryle, fui tão manipulada que queria sua volta. Mas a conclusão de seu relacionamento não poderia ser a melhor. Não foi um ato impensado no calor do momento, foi uma decisão pensada no melhor para a sua filha, tirando como base tudo que ela viveu, tudo que a autora viveu. Me surpreendeu demais a nota da autora, que você encontra no fim do livro, pois sabemos que tudo que foi escrito são os sentimentos verdadeiros de passou por isso, e não a opinião egoísta de espectadores.<br/>""É preciso destruir o padrão, antes que o padrão nos destrua.""",,,1,0
59837550,,"Deuses & Monstros (Pássaro & Serpente, #3)",Shelby Mahurin,"Mahurin, Shelby",,6559810984,9786559810987,3,3.96,Galera,Paperback,602,2022,2021,2022/12/20,2022/12/10,2022,2022 (#35),read,"Esse livro foi frenético, tiro, porrada e bomba kkkk. Não se tornou um favorito, não consegui gostar dos personagens principais, são tão irritantes. Mas a autora escreve consideravelmente bem, de uma forma que prende você. Só ressaltando que achei desnecessário a morte de minha xará.",,,1,0
59538531,,"Sangue & Mel (Pássaro & Serpente, #2)",Shelby Mahurin,"Mahurin, Shelby",Glenda d'Oliveira,6559810496,9786559810499,2,3.52,Galera,Paperback,518,2021,2020,2022/12/09,2022/11/24,"2022, fantasia","2022 (#34), fantasia (#7)",read,"Que isso, moça? Que livro flopado foi esse? Personagens principais sem apelo nenhum, devia deixar o livro para os personagens secundários comandar, pq pqp. O Reid vc pode jogar no lixo, que personagem sem graça, se nega a fazer qualquer coisa útil, a Lou não fica atrás, vc não sabe se a garota é forte ou não, pq quando ela surge para lutar, só é desastre.<br/>Uma estrela foi ganha pela escrita de Shelby que continua sendo tão boa que fica difícil abandonar o livro.",,,1,0
52610528,,A Ilha do Tesouro,Robert Louis Stevenson,"Stevenson, Robert Louis","Samir Machado de Machado, Paula Puiupo",6580210060,9786580210060,4,3.85,Antofágica,Hardcover,368,2019,1882,2022/11/24,2022/08/06,"2022, classic","2022 (#28), classic (#6)",read,"Adorei me aventurar por essas páginas, repletas de reviravoltas e espertice de Jim. Só tive dificuldade de imaginar o cenário quando estão no barco, devido a tantos termos técnicos, mas mesmo assim continuei fisgada pela história.",,,1,0
61393792,,"A Coroa de Ossos Dourados (Sangue e Cinzas, #3)",Jennifer L. Armentrout,"Armentrout, Jennifer L.",Flavia de Lavor,6559811360,9786559811366,4,4.17,Galera,Paperback,672,2022,2021,2022/10/04,2022/07/30,"2022, fantasia, romance","2022 (#26), fantasia (#5), romance (#8)",read,"Dos 3 foi o que eu menos gostei, teve muito excesso de cenas hot, a cada 10 páginas, 5 era eles se pegando, gente menos. <br/>Outro ponto foi que eu não acredito que os dois estão preparados para serem rainha e rei, pois acredito que os governantes devem colocar o reino em primeiro lugar, o que não é algo que irá acontecer durante essa monarquia, pois ficou bem claro nas frases de Castell que as vontades de Poppy supera o bem do reino. Relembrando essa frases, lembrei de algo que me incomodou, foi o Castell ser tão bobo apaixonado, deu ranço, nem os personagens aguentavam ele babando a Poppy o tempo todo. <br/>Estrelas da avaliação foram perdidas, mas foram recuperadas com esse final fantástico. Vá atrás do seu amado Poppy. Kkk <br/>Ps.: Que final de resenha foi esse? Kkkk",,,1,0
56555569,,"Pássaro & Serpente (Pássaro & Serpente, #1)",Shelby Mahurin,"Mahurin, Shelby",Glenda d'Oliveira,6555872349,9786555872347,3,3.98,Galera,Paperback,504,2021,2019,2022/11/20,2022/11/06,"2022, fantasia","2022 (#33), fantasia (#6)",read,"Então... esperava mais, bem mais. Me entregaram aparentemente uma personagem feminina forte, mas ao mesmo tempo que não fez nada, então eu posso considerar ela forte? Sendo que no livro todo a criatura não soube usar magia, estou sendo má, teve uma vez que a magia dela funcionou. -_-<br/>O protagonista é um tapado, ingênuo, que faz tudo que o arcebispo manda sem ter nenhuma opinião própria. Digo tapado por acreditar que tem mesmo um melhor amigo e por não perceber que Lou e uma bruxa, pq ela não faz o mínimo de esforço para disfarçar que é uma bruxa. <br/>Um ponto para ressaltar é a limitação da magia, gostei de ela não ser ilimitada, para usar você precisa fazer uma troca, gostei desse diferencial.",,,1,0
57811205,,Malibu Renasce,Taylor Jenkins Reid,"Reid, Taylor Jenkins",Alexandre Boide,8584392165,9788584392162,5,04.03,Paralela,Paperback,360,2021,2021,2022/09/25,2022/09/20,2022,2022 (#32),read,,,,1,0
59591412,,Evidências de uma traição,Taylor Jenkins Reid,"Reid, Taylor Jenkins",Alexandre Boide,655782516X,9786557825167,3,3.87,Editora Paralela,ebook,101,2021,2018,2022/09/07,2022/09/07,2022,2022 (#31),read,"Taylor uma ótima contadora de histórias, nos prende na curiosidade de querer saber da vida dos outros, fala sério, não tem como deixar para lá essa fofoca gigantesca sobre traição. Livro com uma escrita diferente, cada capítulo é uma carta, não foi inserido nenhuma narração, o que trás ao leitor uma sensação de estar lendo essas cartas escondidos só atrás de saber os segredos kkk<br/>A escrita é envolvente e o plot twist é bem agradável e não foi esperado por mim. <br/>Gostei das escolhas que foram feitas e do amadurecimento de cada personagem, só espero que o p#$ do Ken cai, esse canalha.",,,1,0
57024669,,"Você me ganhou no olá (Primas Poderosas, #1)",Alexis Daria,"Daria, Alexis",Mariana Rimoli,6587721664,9786587721668,2,3.68,Harlequin Books,Paperback,392,2021,2020,2022/08/17,2022/08/05,"2022, romance","2022 (#27), romance (#9)",read,"Você não me ganhou, Ashton é tão iludido, como é possível ele pensar que pode ser famoso e continuar com sua vida longe dos paparazzi? Detestei esse personagem achei tão manipulador, pois é bem conveniente ele se preocupar com Jasmine quando ela decide desistir dele e de tudo que envolva ele, como essa decisão iria pesar nos seus planos, ele logo volta para ela. Além dele virar o jogo, fazendo ela se sentir culpada, por esse relacionamento inexistente.<br/>Eu recomendo que Jasmine converse com Tiffy de 'Teto para Dois', ela passou por relacionamentos parecidos e aprendeu que a culpa nunca foi dela, e sim dos namorados escrotos e manipuladores que passaram na sua vida.  <br/>Ponto positivo é a representatividade sem estereótipos, porém a vender a atração física como amor é decepcionante.",TRUE,,1,0
58739818,,Até o Verão Terminar,Colleen Hoover,"Hoover, Colleen",Mariana Serpa,6559810372,9786559810376,3,4.23,Galera Record,Paperback,336,2021,2020,2022/08/26,2022/08/22,2022,2022 (#29),read,"Ah querida Collen, já estava preparada para esse plot twist, vc não me engana mais com esse ritmo lento, para que nos momentos mais envolventes você prepara uma facada no leitor. <br/>É um livro 'ok' absolutamente nada demais, porém muito bem escrito, com uma narrativa fluída que envolve o leitor a continuar a leitura, mas com o coração na mão, sempre esperando o pior para os protagonistas, pq foi assim que Collen nos ensinou a ser, sempre desconfiados.",,,1,0
18243521,,"Os Garotos Corvos (A Saga dos Corvos, #1)",Maggie Stiefvater,"Stiefvater, Maggie",Jorge Ritter,8576862549,9788576862543,5,04.05,Verus,Paperback,376,2013,2012,2022/06/18,2022/06/15,"2022, fantasia","2022 (#19), fantasia (#1)",read,"Gostei de relembrar sobre os garotos corvos, o que eu acho interessante é que os garotos não são os clichê bad boy que somos acostumados.",,,1,0
51470198,,Verity,Colleen Hoover,"Hoover, Colleen",Thais Britto,8501117846,9788501117847,3,4.31,Galera Record,Paperback,320,2020,2018,2022/07/24,2022/07/19,"2022, mistério","2022 (#24), mistério (#3)",read,"Pois é, Collen Hoover, aí aí, não sou fã de seus livros, mas esse por ter uma pegada diferente, com o suspense como o ponto focal, eu quis dar uma chance, foi interessante, o final é bem enigmático brinca com a mente do leitor, mas diferente de se a Capitu traiu ou não, eu já tenho minha escolha, acredito que ela seja inocente, não acredito que ela como culpada teria escrito sobre seus crimes e ter cultivado um carinho pelo filho.",TRUE,,1,0
42442340,,A Vegetariana,Han Kang,"Kang, Han",Jae Hyung Woo,8588808285,9788588808287,1,3.58,Todavia,Paperback,176,2018,2007,2022/08/05,2022/06/14,2022,2022 (#18),read,"Que decepção. Não gostei. Não entendi. Acho que esse livro não é para mim, toda essa aproximidade da vida real é do que eu estou fugindo. Não fui atrás de filosofar sobre o que essa autora quis dizer. Não tiver prazer nenhum em conhecer essa família caótica. Acho que se eu conhecesse o ponto de vista da protagonista, eu iria me interessar pela obra.",,,1,0
60423827,,"A Ponte entre Reinos (A Ponte entre Reinos, #1)",Danielle L. Jensen,"Jensen, Danielle L.",Guilherme Miranda,8555341981,9788555341984,2,04.04,Seguinte,Paperback,416,2022,2018,2022/07/31,2022/07/28,"2022, fantasia, romance","2022 (#25), fantasia (#4), romance (#7)",read,"Como já dizia Henrique & Juliano ""E o nosso pra sempre. Infelizmente não vingou"". Não vingou mesmo, no início fiquei empolgada por ser um enredo parecido com meu queridinho ""De Sangue e Cinzas"", mas com o passar das páginas senti um desprazer em ler, pois o que ela fez é imperdoável, e o sofrimento que ela causou não é só entre eles envolve todo um reino. E para um Rei, Aren é muito ingênuo, como pode perdoar Lara tão rápido e à transformar em seu braço direito se ontem mesmo descobriu que ela era uma espiã? E falando sobre o romance, o tão proclamado amor por Lara e Aren não me convenceu, falta química, falta conversa, falta intimidade.",,,1,0
59054993,,"De Sangue e Cinzas (Sangue e Cinzas, #1)",Jennifer L. Armentrout,"Armentrout, Jennifer L.",Flavia de Lavor,655981002X,9786559810024,5,4.23,Galera,Paperback,588,2021,2020,2022/07/02,2022/06/24,"2022, fantasia","2022 (#22), fantasia (#2)",read,"Esse livro foi um achado da prime day, esperava que fosse legal só mais um clichê, nunca estive tão enganada, estou maravilhada com esse universo, com essa personagem feminina tão forte e corajosa. Não esperava que tivesse um romance explícito, mas foi tão bem escrito que não se tornou indecente. Ansiosa por continuar essa jornada.",,,1,0
59837686,,"Um Reino de Carne e Fogo (Sangue e Cinzas, #2)",Jennifer L. Armentrout,"Armentrout, Jennifer L.",Flavia de Lavor,6559810178,9786559810178,5,4.34,Galera,Paperback,672,2022,2020,2022/07/23,2022/07/04,"2022, fantasia, romance","2022 (#23), fantasia (#3), romance (#6)",read,"Finalizei sem fôlego essa jornada, estou ansiosa pela continuação, estou extasiada com Poppy, pela sua bravura, determinação e a sinceridade em seus atos e sentimentos.",,,1,0
60571486,,Cidade nas Nuvens,Anthony Doerr,"Doerr, Anthony",Marcello Lino,,,0,4.26,Intrínseca,Paperback,752,2022,2021,,2022/06/23,to-read,to-read (#8),to-read,,,,0,0
60186953,,"Através da minha janela (Os irmãos Hidalgo, #1)",Ariana Godoy,"Godoy, Ariana","Karoline Melo, Lorrane Fortunato",655560512X,9786555605129,5,3.39,Intrínseca,Kindle Edition,505,2022,2019,2022/06/19,2022/06/18,"2022, romance","2022 (#20), romance (#4)",read,"Amei conhecer a Raquel, que é sincera com seus sentimentos, que se joga nos seus desejos, que sabe que mesmo que doa não se pode prender ninguém por egoísmo.<br/>Eu julguei no início esse perseguição pelo deus grego, mas quando ela abriu a boca e surpreendeu a mim e Ares, comecei a gostar de Raquel, e a sentir e compreender seus sentimentos, e me orgulhar de suas atitudes sinceras com ela mesma, mesmo que as pessoas julguem vc precisa pensar em vc mesma, no que vc sente, se vale a pena continuar ou mudar ou perdoar, só vc sabe disso.<br/>Por mais que queira parecer com Raquel me identifiquei com Ares que quando gosta de alguém escolhe se afastar e deixar por isso mesmo.<br/>Ps . . Não acredito que o final desse livro mexeu comigo, estou passada Kkkkkkk",,,1,0
57440536,,Tudo é rio,Carla Madeira,"Madeira, Carla",,6555871784,9786555871784,4,4.25,Record,Paperback,210,2021,2014,2022/06/12,2022/06/04,"nova-literatura-brasileira, 2022","nova-literatura-brasileira (#1), 2022 (#17)",read,"Quando iniciei a leitura não tinha ideia que a historia era tão crua, tão bruta. Gostei do estilo de escrita da autora, algo não linear e com capítulos curtos, mesmo com pequenos vislumbres da vida dos personagens já entendemos seus sentimentos. O final é tão delicado, pq eu não acredito na redenção de Venâncio, eu não concordo com a decisão de Dalva, nunca que eu confiaria nesse monstro, no último capítulo eu prendi o folego aguardando o pior acontecer pq foi assim que a autora foi nos levando durante a narrativa, mas quando chega na última folha tem um final de filme da Disney nos aguardando. Mas é aí que você para e pensa que essa é realidade de muitos relacionamentos em que a mulher volta para o agressor, por simplesmente receber alguns gestos encantadores que amansa que seu coração, mas eu não acredito na redenção de monstros, seu demônio interior sempre vai aparecer novamente.",TRUE,,1,0
34314999,,Matéria Escura,Blake Crouch,"Crouch, Blake",Alexandre Raposo,8551001221,9788551001226,0,4.14,Intrínseca,Paperback,358,2017,2016,,2022/06/06,to-read,to-read (#6),to-read,,,,0,0
22662729,,A Dança da Morte,Stephen        King,"King, Stephen",Gilson Soares,,,5,4.35,Suma de Letras,Paperback,1248,2013,1978,2022/03/22,2021/08/16,"stephen-king, 2022","stephen-king (#5), 2022 (#10)",read,"É inacreditável o quanto que esse livro é bom, 1248 páginas e eu gostaria que tivesse mais. Adoraria conhecer a vida de mais protagonistas. O final foi o que eu esperava, não existe outro final, o ser humano sempre vai acabar com a paz.",,,1,0
28670678,,"P.S. Ainda Te Amo (A Todos os Rapazes que Amei, #2)",Jenny Han,"Han, Jenny",Leonilda Santana,9898800771,9789898800770,3,04.02,Topseller,Paperback,272,2016,2015,2022/05/20,2022/05/19,"romance, 2022","romance (#3), 2022 (#3)",read,"Caramba Lara Jean, esperava mais de você, digo isso por que, para quem fugia tanto, com medo de ser machucada, correu para os braços daquele babaca. Fui bem cruel agora mas, tenho um motivo, o carinho que eu sentia por Peter sumiu totalmente, por todas as escolhas dele, escolher a ex ao invés de Lara, pedir o presente de volta, a descoberta que fizemos sobre o dia que Lara entregou seu coração. Peter é tão egocêntrico que só foi atrás de Lara quando ela estava com outro, passou a sensação de que ele só não queria perder, como se ela fosse só um objeto.<br/>Sinto que Lara estava se apaixonando forte por Ambrose, mas como o primeiro amor fica marcado em você, ela não conseguiu se desapegar de Peter, como a irmã dela conseguiu de Josh.",,,1,0
22489270,,A Maldição,Richard Bachman,"Bachman, Richard","Stephen        King, Louisa Ibañez",8581050492,9788581050492,3,3.77,Suma de Letras,Paperback,287,2012,1984,2022/05/28,2022/03/29,"horror, stephen-king, 2022","horror (#6), stephen-king (#6), 2022 (#5)",read,"Tenho a sensação que não deveria ser um livro e sim um conto, por mais que a história seja curiosa, Billy é tão chato, passa o livro inteiro desejando o mal para sua esposa, e é nojento os desejos que ele sente pela garota cigana. E os ciganos que no começo eu fiquei com pena, quero que vá tudo para o inferno, por causa dos maus tratos aos animais.<br/>Quando Ginelli aparece é quando vc sente o livro avançar e sobre o final foi bem previsível. ",TRUE,,1,0
60686203,,Imperfeitos,Christina Lauren,"Lauren, Christina",Carlos Szlak,6559571289,9786559571284,2,3.91,Faro Editorial,Paperback,256,2022,2019,2022/06/05,2022/05/14,"romance, 2022","romance (#2), 2022 (#16)",read,"Casal sem química, a evolução do relacionamento deles é inexistente, de um dia para o outro se apaixonam, sendo que horas atrás Ethan estava apaixonado pela ex. E caramba se vc sabe que sua irmã está sendo traída, conte crlh.",,,1,0
34467283,,A Árvore Generosa,Shel Silverstein,"Silverstein, Shel","Fernando Sabino, Mia Couto",8574067539,9788574067537,5,4.38,Companhia das Letrinhas,Hardcover,64,2017,1964,2022/06/05,2022/06/05,"2022, infantil","2022 (#15), infantil (#1)",read,"Lendo esse livro eu só relaciono com o amor de mãe ao seu filho, em que ela abre mão de tudo por amor, é um livro curto que vai direto ao ponto. Que não sejamos esse garoto ganancioso e egoísta.",,,1,0
59061184,,Piranesi,Susanna Clarke,"Clarke, Susanna",Heci Regina Candiani,6586015317,9786586015317,5,4.23,Morro Branco,Hardcover,232,2021,2020,2022/03/22,2022/03/13,2022,2022 (#14),read,"Sinto que nessa primeira leitura de Piranesi eu não absorvi tanto da história, no começo eu tentei esmiuçar tanto as frases trazendo mil e um significados, que com o final eu acabei me decepcionando, mas pode ter sido cansaço da minha parte. <br/>Piranesi é aberto à interpretação, então posso simplesmente dizer que o sentimento que me trouxe foi quando eu me fecho tanto em torno de me mesma que é tumultuoso meu caminho de volta a realidade.",,,1,0
53901708,,"La Belle Sauvage (O Livro das Sombras, #1)",Philip Pullman,"Pullman, Philip",,,,5,4.15,Suma,ebook,392,2017,2017,2022/01/29,2021/12/27,"juvenil, 2022","juvenil (#2), 2022 (#13)",read,"Esse livro me cativou já faz um tempo por essa capa diferente, algo me chamava para lê-lo, esse livro me trouxe um sentimento tão bom que faz tempo que eu não sentia em uma leitura, é aquela vontade de você entrar naquele mundo e desbravar os perigos e os desafios que aparece na sua frente.",,,1,0
53124130,,Teto para dois,Beth O'Leary,"O'Leary, Beth",Carolina Selvatici,8551005421,9788551005422,5,4.00,Intrínseca,Kindle Edition,437,2019,2019,2022/05/14,2022/05/02,"romance, 2022","romance (#1), 2022 (#12)",read,,,,1,0
57400122,,A Lista de Convidados,Lucy Foley,"Foley, Lucy",Maria Carmelita Dias,6555601507,9786555601503,5,3.81,Intrínseca,Paperback,304,2021,2020,2022/03/10,2022/02/14,"mistério, 2022","mistério (#1), 2022 (#11)",read,"Que mistério de qualidade, não passou pela minha cabeça os segredos que foram sendo revelados, a leitura é tão fluida que você não sente vontade de parar<br/>Entre tantos personagens que foram apresentados, irei deixar escrito aqui a minha aversão por Olivia, por ser tão dramática, mal amada e cínica <br/>E meu sentimento de Hannah ser tão trouxa e Charlie ser tão insignificante, falso e traiçoeiro <br/>E por Jules ser tão foda pra caralho",,,1,0
60178446,,Última parada,Casey McQuiston,"McQuiston, Casey",Guilherme  Miranda,8555341566,9788555341564,4,3.92,Seguinte,Paperback,400,2022,2021,2022/05/01,2022/04/11,"lgbt, 2022","lgbt (#1), 2022 (#9)",read,"""Às vezes eu acho que me perdi no tempo por que não pertencia de verdade a minha origem e o universo está tentando me dizer alguma coisa!""<br/>Que romance gostosinho, mas no final ficou tão meloso que não estava aguentando mais, além do mais fiquei decepcionada com a romantização do sexo no metrô, por já ter lido outro livro da autora não esperava que seria tão explícito.",,,1,0
25449676,,"Para Todos os Garotos que Já Amei (Para Todos os Garotos que Já Amei, #1)",Jenny Han,"Han, Jenny",,8580577268,9788580577266,4,04.04,Intrínseca,Paperback,320,2015,2014,2022/05/19,2022/05/16,2022,2022 (#8),read,"Um romance leve e despretensioso, adorei conhecer Lara Jean que é tão calma e receosa em entregar seu coração, me identifiquei nesse aspecto.",,,1,0
34951378,,"Agora e para sempre, Lara Jean (Para todos os garotos que já amei, #3)",Jenny Han,"Han, Jenny",Regiane Winarski,8551001981,9788551001981,4,4.00,Intrínseca,Paperback,304,2017,2017,2022/05/28,2022/05/20,2022,2022 (#7),read,"Estou indignada por ter acabado, queria saber mais da vida de Lara e Peter.<br/>A autora escreve de uma forma que parece que vc está na sala fofocando com as irmãs Song.  Vendo o fim da escola de Lara e todo o carinho que ela tem com seus colegas, vezes lamento por eu não ter sido próxima das pessoas com quem estudei, pq eu não trouxe ninguém para minha vida, descartei todos.",,,1,0
55809566,,"A Rainha do Nada (O Povo do Ar, #3)",Holly Black,"Black, Holly",Regiane Winarski,6555871431,9786555871432,3,4.35,Galera,Paperback,294,2020,2019,2022/02/13,2022/02/10,"juvenil, 2022","juvenil (#5), 2022 (#6)",read,"O que no livro anterior faltou, nesse ele preencheu, estou falando de aventuras, revelações e intrigas, foi tão cativante que eu passei um domingo inteiro lendo  <br/>Mas o que me incomoda são os furos na narrativa, fica difícil de imaginar um povo mágico se curvar para uma garota mortal e um príncipe playboy, faltou o nome deles serem reconhecidos pelo povo por batalhas vencidas, ou Jude receber algum poder mágico, só sei que faltou algo para realmente acreditar que uma mortal seria capaz de fazer facções se curvarem<br/>Sei que a autora quis mostrar a força de ser um humano, com todas as dificuldades que ela enfrentou e enfrenta, mas faltou a autora refinar a narrativa e nos fazer acreditar que ela vai ser capaz de continuar governando, mesmo depois de o livro acabar",,,1,0
43093232,,"O Príncipe Cruel (O Povo do Ar, #1)",Holly Black,"Black, Holly",,8501101958,9788501101952,3,04.03,Galera Record,ebook,385,2018,2018,2022/02/04,2022/02/02,"juvenil, 2022","juvenil (#3), 2022 (#4)",read,"Comecei a leitura já criticando o desconhecido, na metade do livro Jude me surpreendeu por ser uma personagem feminina forte, o fim foi uma boa surpresa, pois a autora tem uma forma de nos mostrar os pós e contras das decisões que serão tomadas, achei interessante que foi mostrado os pensamento egoístas de Jude e não somente ela tomando a decisão certa, trouxe mais intimidade trazer os pensamentos sombrios que geralmente temos antes de escolher o caminho da atitude correta a se tomar.<br/>Mas não vamos esquecer que é um clichê de bullying com uma escrita cativante, o diferencial é que o príncipe é fraco e Jude detém todo o poder.",,,1,0
52857120,,"O Rei Perverso (O Povo do Ar, #2)",Holly Black,"Black, Holly",Regiane Winarski,8501303518,9788501303516,2,4.29,Galera Record,Paperback,308,2020,2019,2022/02/10,2022/02/04,"juvenil, 2022","juvenil (#4), 2022 (#2)",read,"Os elogios que fiz para o primeiro livro, não posso repetir para este, Jude foi tão imprudente, ficou cega pelo poder, <br/>Com 70% lido a história começou a se movimentar, percebemos o amadurecimento do Rei, as intrigas se formando e a queda de Jude",,,1,0
58370720,,As Musas,Alex Michaelides,"Michaelides, Alex",Marta Chiarelli,6555872454,9786555872453,2,3.62,Record,Paperback,350,2021,2021,2022/03/31,2022/03/22,"mistério, 2022","mistério (#2), 2022 (#1)",read,"Sinto que faltou uma revisão nessa história, vi nos agradecimentos que o autor escreveu no início da pandemia, então podemos concordar que a escrita não durou tanto tempo <br/>É irritante como Mariana contínua perseguindo Fosca indefinidamente, como ela continua flertando com os homens sendo que não quer nada com eles, como ela é tão irresponsável ou tapada ou simplesmente egocêntrica, pqp se vc pensa que o cara é um assassino, então não entre na casa dele para jantar, porra!<br/>Mas sério, Mariana como terapeuta está ladeira a baixo, não consegue fazer uma análise comportamental <br/>E o final que foi tão surpreendente ruim, o autor pecou em querer surpreender os leitores",TRUE,,1,0
49659543,,Torto Arado,Itamar Vieira Junior,"Junior, Itamar Vieira",,6580309318,9786580309313,0,4.48,Todavia,Paperback,264,2019,2019,,2022/06/05,to-read,to-read (#5),to-read,,,,0,0
20744034,,A Cabeça do Santo,Socorro Acioli,"Acioli, Socorro",,8535923691,9788535923698,0,4.30,Companhia das Letras,Paperback,176,2014,2014,,2022/06/05,to-read,to-read (#4),to-read,,,,0,0
59433788,,Véspera,Carla Madeira,"Madeira, Carla",,6555872985,9786555872989,0,4.33,Record,Paperback,280,2021,2021,,2022/06/05,to-read,to-read (#3),to-read,,,,0,0
58468990,,The Paris Apartment,Lucy Foley,"Foley, Lucy",,0063003058,9780063003057,0,3.65,William Morrow,Hardcover,360,2022,2022,,2022/04/07,to-read,to-read (#2),to-read,,,,0,0
45310763,,O Retrato de Dorian Gray,Oscar Wilde,"Wilde, Oscar",Alexandre Barbosa de Souza,8567097576,9788567097572,3,4.13,Via Leitura,Paperback,223,2018,1890,2021/12/27,2021/12/20,classic,classic (#4),read,"“Curar a alma por meio dos sentidos e os sentidos por meio da alma” <br/>Esse livro é uma investigação sobre a alma humana, o poder da vaidade e as consequências de viver uma vida hedonista. O resultado disso é loucura, sofrimento, descontrole...<br/>Foi uma leitura sofrida, se Henry soubesse encurtar as besteiras filosóficas forçadas que ele fala, a leitura seria mais fluída. <br/>Tirei alguns ensinamentos desse livro que irei levar para a vida, mentira, tirei só esse mesmo kkkk, uma delas foi que eu me sinto melhor com os pensamentos nefastos que passam na minha mente...<br/>“… os mais corajosos entre nós tem medo de si mesmo…. Cada impulso que tentamos asfixiar persiste na mente e nos envenena…. A única maneira de nos livrarmos de uma tentação é cedermos a ela. Resista e a alma adoecerá de saudades de coisas que ela se proibiu. … Dizem que os grandes acontecimentos no mundo têm lugar no cérebro. É também no cérebro, e no cérebro apenas, que os grandes pecados do mundo têm lugar.”<br/>",,,1,0
53100986,,"Vermelho, Branco e Sangue Azul",Casey McQuiston,"McQuiston, Casey",Guilherme  Miranda,8555340942,9788555340949,4,04.08,Seguinte,Paperback,392,2019,2019,2021/12/18,2021/10/09,,,read,"History, huh?",,,1,0
21806284,,Misery: Louca obsessão,Stephen        King,"King, Stephen",Elton Mesquita,8581052142,9788581052144,5,4.23,Suma de Letras,Paperback,326,2014,1987,2021/11/21,2021/07/13,"horror, stephen-king","horror (#5), stephen-king (#4)",read,,,,1,0
13574264,,Desastre,S.G. Browne,"Browne, S.G.",,8580440289,9788580440287,2,3.65,LEYA BRASIL,Paperback,272,2010,2010,2021/11/27,2021/08/15,,,read,"É interessante como mudamos, nossas opiniões, gostos, nosso ser, para melhor ou para pior você muda. A antiga Vitória tinha gostado desse livro, a atual se sentiu desconfortável, essas piadas sarcásticas religiosas, esse final pavoroso.<br/>Não posso negar que foi criativo, mas é tanta blasfêmia e descrição inútil.",,,1,0
53101223,,Os sete maridos de Evelyn Hugo,Taylor Jenkins Reid,"Reid, Taylor Jenkins",Alexandre Boide,8584391509,9788584391509,3,4.41,Paralela,Paperback,360,2019,2017,2021/09/19,2021/09/17,,,read,,,,1,0
18491403,,"Crepúsculo (Crepúsculo, #1)",Stephenie Meyer,"Meyer, Stephenie",Ryta Vinagre,8598078522,9788598078526,2,3.66,Intríseca,Paperback,355,2009,2005,2021/10/08,2021/10/05,juvenil,juvenil (#1),read,"O clássico do romance adolescente dos anos 2000, quem não teve uma quedinha por Edward? Foi muito divertido reler, mas fico pensando como um dia eu adorava esse livro, viviva levando para todos os lugares, cheguei no nível de colocar um pôster na minha parede, aí como queria voltar para a juventude. Enfim, sobre o livro, tem uma escrita amadora que cativa os novos leitores e afasta os leitores experientes. Agora sendo mais carrasca, o que me incomoda bastante é a Bella não ter um pingo de amor próprio, me chateia a forma que ela rasteja pelo vampiro indeciso, me aborrece que no segundo encontro o ""Eu te amo"" já rola solto. Sinceramente foda-se o Edward, quero mesmo é o Emmett, quero o cara que não fica em cima do muro, que vai e faz.<br/>Mas foi muito relaxante e nostálgico de reler, me recorda que foi um dos primeiros livros que li da minha escolha, se não foi o primeiro, lia em uma cadeira de praia pela manhã no meu quintal, meu Deus que sensação deliciosa lembrar disso, queria muito voltar para essa memória, caramba Blake Crouch cadê a bendita cadeira para eu voltar ao passado?<br/>Esse livro sempre vai estar guardado na minha estante e em um cantinho do meu coração.",,,1,0
57517266,,"The Monster (Boston Belles, #3)",L.J. Shen,"Shen, L.J.",,,,5,4.00,,Kindle Edition,399,2021,2021,2021/08/29,2021/08/29,la-petite-mort,la-petite-mort (#1),read,"Dês do começo do ano que espero por esse livro, e não me decepcionou, o que eu esperava sentir lendo este livro, realmente aconteceu<br/>Novamente L J Shen trouxe a vida mais um monstro apaixonante, o melhor é que ela trouxe junto uma princesa forte",,,1,0
35114460,,Na Escuridão da Mente,Paul Tremblay,"Tremblay, Paul",,,ISBN13:978852,5,3.79,Bertrand Brasil,Paperback,266,2017,2015,2021/08/27,2021/08/15,horror,horror (#4),read,"Realmente garante pesadelos do começo ao fim, estou surpresa e satisfeita de finalmente ter encontrado um livro de terror que cumpre o que promete",,,1,0
54757860,,A Morte de Ivan Ilitch,Leo Tolstoy,"Tolstoy, Leo","Lucas Simone, Luciano Feijão, Liev Tolstói",6580210168,,5,4.13,Antofágica Editora,Hardcover,312,2020,1886,2021/08/24,2021/08/21,classic,classic (#3),read,,,,1,0
50367277,,A Última Festa,Lucy Foley,"Foley, Lucy",Marina Vargas,,9788551005736,2,3.62,Intrínseca,Paperback,304,2020,2018,2021/08/14,2021/07/28,criminal,criminal (#2),read,"Decepção, no começo o livro é viciante, trás a sensação de estarmos ao lado do grupo de amigos, fofocando com eles kkk<br/>Mas as histórias são bem rasas, o que movimenta o livro é a Miranda com o seu jeito intrigante e malvado, o pior foi passar pelos capítulos da Katie, que garota tediosa e fraca, não tem voz própria, não sabe se posicionar .<br/>Quem se desenvolveu bem foi a Heather, teve toda a evolução na trajetória dela.<br/>Defino esse livro, como se fosse um filme da Sessão da Tarde, aquele clichê adolescente, só que ao invés dos jovens temos adultos que ficam retornando as histórias do passado, tentando reviver seus tempos de glórias, mas na verdade só passam vergonha.",,,1,0
49569338,,Mulherzinhas,Louisa May Alcott,"Alcott, Louisa May",,854221773X,9788542217735,2,4.16,Editora Planeta,Paperback,480,2019,1868,2021/08/05,2021/07/13,classic,classic (#1),read,"Estou levando em consideração que é um livro de época, alguns pensamentos são bem retrógrados, no começo do livro é bem sutil as lições que ele nos mostra, eram pontos relevantes, mas em um capítulo em que a senhora March prefere deixar um pássaro morrer para ensinar um lição de moral, foi este o ponto em que comecei a desanimar com este livro.<br/>Para um livro que o ponto principal são as relações familiares, faltou empatia, como uma irmã prefere ficar viajando ao invés de voltar e ficar com a sua família e sua irmã doente?<br/>Outro ponto seria a opressão da liberdade, Jo era a que pensava fora da sua época, sempre sonhando em ser escritora, sair viajando pelo mundo, não se importando com o romance, uma mulher querendo romper com os dogmas do passado, no fim era só conversa ilusória, se contentou com o que era esperado pelas mulheres naquela época. <br/>As irmãs também não realizam seus sonhos, suas ambições foram anuladas, toda a essência e individualidades delas foram apagados, todas seguindo o mesmo caminho da mulher se casando, tendo filhos e cuidando da casa. Para onde foi a artista e a escritora?<br/>",TRUE,,1,0
49182468,,Recursão,Blake Crouch,"Crouch, Blake",Sheila Louzada,8551005367,9788551005361,5,4.17,Intrínseca,Hardcover,320,2020,2019,2021/07/21,2021/07/13,,,read,"""Helena, quer mudar o mundo comigo?"" Nesta frase tão simples, esconde um significado tão grande quer permeia todo este livro.<br/><br/>✨O que temos de mais precioso são nossas lembranças, quando não conseguimos mais acessa-las nos perdemos, nos tornamos uma casca vazia, só existimos nas lembranças de outras pessoas, não existimos para nos mesmo, eu vi isso acontecer com a minha avó, lembro do olhar vazio que ela tinha.<br/><br/>",,,1,0
21471972,,Senhor das Moscas,William Golding,"Golding, William",Sergio Flaksman,8579622875,9788579622878,5,3.70,Alfaguara,Paperback,224,2014,1954,2021/07/28,2021/07/22,classic,classic (#2),read,"Quando você é o único que ainda possui juízo, em um local cercado de pessoas que se entregaram ao seu 'eu' obscuro, pq, vamos concordar que é muito mais prazeroso quando nos desprendemos da realidade, e nos  lançamos na sensação da liberdade disfarçada.<br/>O difícil é voltar a ser racional e é aí que mora o caos.<br/>“Senhor das Moscas” explora o lado escuro que todos nós possuímos, a selvageria que habita dentro de nós, quando o stress e o medo nos deixam cegos e elimina toda a existência da razão.",,,1,0
52905718,,BTK Profile: Máscara da Maldade,Roy Wenzl,"Wenzl, Roy","Tim Potter, Hurst Laviana, L. Kelly",859454183X,9788594541833,5,04.04,DarkSide Books,Hardcover,416,2019,2007,2021/02/21,2021/07/13,criminal,criminal (#1),read,,,,1,0
53486903,,Coraline,Neil Gaiman,"Gaiman, Neil","Chris Riddell, Bruna Beber",8551006754,9788551006757,4,4.12,Intrínseca,Hardcover,224,2020,2002,2021/03/04,2021/07/13,,,read,,,,1,0
22613112,IT.jpg,It: a Coisa,Stephen        King,"King, Stephen",Regiane Winarski,,,4,4.24,Suma de Letras,Paperback,1104,2014,1986,2021/05/22,2021/07/13,"horror, stephen-king","horror (#1), stephen-king (#1)",read,,,,1,0
24178,,Charlotte’s Web,E.B. White,"White, E.B.","Garth Williams, Rosemary Wells",0064410935,9780064410939,0,4.20,HarperCollinsPublishers,Paperback,184,2001,1952,,2021/07/13,to-read,to-read (#1),to-read,,,,0,0